Химчистка,Шапка или Берет,Головные уборы,Химическая чистка вашей вещи устранит следы былой грязи,Специальные предложения
Аквачистка,Шапка или Берет,Головные уборы,"Рекомендуется использовать данный способ для вещей, химическая чистка которых запрещена производителем",Обувь
Химчистка,Шляпа,Головные уборы,Химическая чистка вашей вещи устранит следы былой грязи,Головные уборы
Аквачистка,Шляпа,Головные уборы,"Рекомендуется использовать данный способ для вещей, химическая чистка которых запрещена производителем",Сумки и аксессуары
Химчистка,Кепка или Панама,Головные уборы,Химическая чистка вашей вещи устранит следы былой грязи,Верхняя одежда
Аквачистка,Кепка или Панама,Головные уборы,"Рекомендуется использовать данный способ для вещей, химическая чистка которых запрещена производителем",Изделия из кожи и замши
Химчистка,Косынка или Бандана или Платок,Головные уборы,Химическая чистка вашей вещи устранит следы былой грязи,Меховые изделия
Аквачистка,Косынка или Бандана или Платок,Головные уборы,"Рекомендуется использовать данный способ для вещей, химическая чистка которых запрещена производителем",Платья и юбки
Чистка,Сапоги,Обувь,"Средства ухода, подобранные в зависимости от материала вашей обуви, придадут ей презентабельный вид",Рубашки и блузы
Водоотталкивающая пропитка,Сапоги,Обувь,Специальная пропитка защитит вашу обувь от воды и грязи,Брюки
Чистка,Ботфорты,Обувь,"Средства ухода, подобранные в зависимости от материала вашей обуви, придадут ей презентабельный вид",Костюмы
Водоотталкивающая пропитка,Ботфорты,Обувь,Специальная пропитка защитит вашу обувь от воды и грязи,Текстиль и трикотаж
Чистка,Ботильоны или Полусапоги,Обувь,"Средства ухода, подобранные в зависимости от материала вашей обуви, придадут ей презентабельный вид",Спортивная одежда
Водоотталкивающая пропитка,Ботильоны или Полусапоги,Обувь,Специальная пропитка защитит вашу обувь от воды и грязи,Домашняя одежда
Чистка,Угги,Обувь,"Средства ухода, подобранные в зависимости от материала вашей обуви, придадут ей презентабельный вид",Шторы
Водоотталкивающая пропитка,Угги,Обувь,Специальная пропитка защитит вашу обувь от воды и грязи,Ковры
Чистка,Ботинки,Обувь,"Средства ухода, подобранные в зависимости от материала вашей обуви, придадут ей презентабельный вид",Все для дома
Водоотталкивающая пропитка,Ботинки,Обувь,Специальная пропитка защитит вашу обувь от воды и грязи,
Чистка,Туфли,Обувь,"Средства ухода, подобранные в зависимости от материала вашей обуви, придадут ей презентабельный вид",
Водоотталкивающая пропитка,Туфли,Обувь,Специальная пропитка защитит вашу обувь от воды и грязи,
Чистка,Балетки или Босоножки,Обувь,"Средства ухода, подобранные в зависимости от материала вашей обуви, придадут ей презентабельный вид",
Водоотталкивающая пропитка,Балетки или Босоножки,Обувь,Специальная пропитка защитит вашу обувь от воды и грязи,
Чистка,Кроссовки или Кеды,Обувь,"Средства ухода, подобранные в зависимости от материала вашей обуви, придадут ей презентабельный вид",
Водоотталкивающая пропитка,Кроссовки или Кеды,Обувь,Специальная пропитка защитит вашу обувь от воды и грязи,
Химчистка,Шлепки,Обувь,Химическая чистка способна подарить вашей вещи вторую жизнь,
Химчистка,Сумка или Рюкзак или Портфель,Сумки и аксессуары,Химическая чистка способна подарить вашей вещи вторую жизнь,
Химчистка,Клатч или Кошелек или Косметичка,Сумки и аксессуары,Химическая чистка способна подарить вашей вещи вторую жизнь,
Химчистка,Чемодан,Сумки и аксессуары,Химическая чистка способна подарить вашей вещи вторую жизнь,
Химчистка,Перчатки или Варежки,Сумки и аксессуары,Химическая чистка вашей вещи устранит следы былой грязи,
Химчистка,Зонт,Сумки и аксессуары,Химическая чистка удалит загрязнения с поверхности зонта,
Химчистка,Шарф,Сумки и аксессуары,Химическая чистка вашей вещи устранит следы былой грязи,
Аквачистка,Шарф,Сумки и аксессуары,"Рекомендуется использовать данный способ для вещей, химическая чистка которых запрещена производителем",
Химчистка,Ремень,Сумки и аксессуары,Химическая чистка способна подарить вашей вещи вторую жизнь,
Химчистка,Галстук или Бабочка,Сумки и аксессуары,Химическая чистка вашей вещи устранит следы былой грязи,
Аквачистка,Галстук или Бабочка,Сумки и аксессуары,"Рекомендуется использовать данный способ для вещей, химическая чистка которых запрещена производителем",
Химчистка,Палантин или Шаль,Верхняя одежда,Химическая чистка вашей вещи устранит следы былой грязи,
Аквачистка,Палантин или Шаль,Верхняя одежда,"Рекомендуется использовать данный способ для вещей, химическая чистка которых запрещена производителем",
Химчистка,Пальто,Верхняя одежда,Химическая чистка вашей вещи устранит следы былой грязи,
Аквачистка,Пальто,Верхняя одежда,"Рекомендуется использовать данный способ для вещей, химическая чистка которых запрещена производителем",
Химчистка,Полупальто,Верхняя одежда,Химическая чистка вашей вещи устранит следы былой грязи,
Аквачистка,Полупальто,Верхняя одежда,"Рекомендуется использовать данный способ для вещей, химическая чистка которых запрещена производителем",
Химчистка,Плащ или Ветровка,Верхняя одежда,Химическая чистка вашей вещи устранит следы былой грязи,
Аквачистка,Плащ или Ветровка,Верхняя одежда,"Рекомендуется использовать данный способ для вещей, химическая чистка которых запрещена производителем",
Водоотталкивающая пропитка,Плащ или Ветровка,Верхняя одежда,"Данная пропитка защитит вашу одежду от влаги, сохраняя воздухопроницаемость",
Химчистка,Куртка,Верхняя одежда,Химическая чистка вашей вещи устранит следы былой грязи,
Аквачистка,Куртка,Верхняя одежда,"Рекомендуется использовать данный способ для вещей, химическая чистка которых запрещена производителем",
Водоотталкивающая пропитка,Куртка,Верхняя одежда,"Данная пропитка защитит вашу одежду от влаги, сохраняя воздухопроницаемость",
Химчистка,Пуховик или Пуховый жилет,Верхняя одежда,Химическая чистка вашей вещи устранит следы былой грязи,
Аквачистка,Пуховик или Пуховый жилет,Верхняя одежда,"Рекомендуется использовать данный способ для вещей, химическая чистка которых запрещена производителем",
Водоотталкивающая пропитка,Пуховик или Пуховый жилет,Верхняя одежда,"Данная пропитка защитит вашу одежду от влаги, сохраняя воздухопроницаемость",
Химчистка,Куртка лыжная,Верхняя одежда,Химическая чистка вашей вещи устранит следы былой грязи,
Аквачистка,Куртка лыжная,Верхняя одежда,"Рекомендуется использовать данный способ для вещей, химическая чистка которых запрещена производителем",
Водоотталкивающая пропитка,Куртка лыжная,Верхняя одежда,"Данная пропитка защитит вашу одежду от влаги, сохраняя воздухопроницаемость",
Химчистка,Комбинезон,Верхняя одежда,Химическая чистка вашей вещи устранит следы былой грязи,
Аквачистка,Комбинезон,Верхняя одежда,"Рекомендуется использовать данный способ для вещей, химическая чистка которых запрещена производителем",
Водоотталкивающая пропитка,Комбинезон,Верхняя одежда,"Данная пропитка защитит вашу одежду от влаги, сохраняя воздухопроницаемость",
Химчистка,Горнолыжный костюм,Верхняя одежда,Химическая чистка вашей вещи устранит следы былой грязи,
Аквачистка,Горнолыжный костюм,Верхняя одежда,"Рекомендуется использовать данный способ для вещей, химическая чистка которых запрещена производителем",
Водоотталкивающая пропитка,Горнолыжный костюм,Верхняя одежда,"Данная пропитка защитит вашу одежду от влаги, сохраняя воздухопроницаемость",
Химчистка,Дубленка,Изделия из кожи и замши,Химическая чистка способна подарить вашей вещи вторую жизнь,
Водоотталкивающая пропитка,Дубленка,Изделия из кожи и замши,"Данная пропитка защитит вашу одежду от влаги, сохраняя воздухопроницаемость",
Химчистка,Куртка,Изделия из кожи и замши,Химическая чистка способна подарить вашей вещи вторую жизнь,
Химчистка,Плащ,Изделия из кожи и замши,Химическая чистка способна подарить вашей вещи вторую жизнь,
Химчистка,Пальто,Изделия из кожи и замши,Химическая чистка способна подарить вашей вещи вторую жизнь,
Химчистка,Полупальто,Изделия из кожи и замши,Химическая чистка способна подарить вашей вещи вторую жизнь,
Химчистка,Пиджак,Изделия из кожи и замши,Химическая чистка способна подарить вашей вещи вторую жизнь,
Химчистка,Жилет,Изделия из кожи и замши,Химическая чистка способна подарить вашей вещи вторую жизнь,
Химчистка,Брюки,Изделия из кожи и замши,Химическая чистка способна подарить вашей вещи вторую жизнь,
Химчистка,Шуба,Меховые изделия,Химическая чистка способна подарить вашей вещи вторую жизнь,
Антимолевая обработка,Шуба,Меховые изделия,Берегите свою вещь от разных вредителей с помощью специальных средств защиты,
Химчистка,Полушубок,Меховые изделия,Химическая чистка способна подарить вашей вещи вторую жизнь,
Антимолевая обработка,Полушубок,Меховые изделия,Берегите свою вещь от разных вредителей с помощью специальных средств защиты,
Химчистка,Жилет,Меховые изделия,Химическая чистка способна подарить вашей вещи вторую жизнь,
Антимолевая обработка,Жилет,Меховые изделия,Берегите свою вещь от разных вредителей с помощью специальных средств защиты,
Химчистка,"Шапка, Воротник",Меховые изделия,Химическая чистка способна подарить вашей вещи вторую жизнь,
Антимолевая обработка,"Шапка, Воротник",Меховые изделия,Берегите свою вещь от разных вредителей с помощью специальных средств защиты,
Химчистка,Меховые манжеты или пояс,Меховые изделия,Химическая чистка способна подарить вашей вещи вторую жизнь,
Антимолевая обработка,Меховые манжеты или пояс,Меховые изделия,Берегите свою вещь от разных вредителей с помощью специальных средств защиты,
Химчистка,Плед,Меховые изделия,Химическая чистка способна подарить вашей вещи вторую жизнь,
Антимолевая обработка,Плед,Меховые изделия,Берегите свою вещь от разных вредителей с помощью специальных средств защиты,
Химчистка,Пиджак,Костюмы,Химическая чистка вашей вещи устранит следы былой грязи,
Аквачистка,Пиджак,Костюмы,"Рекомендуется использовать данный способ для вещей, химическая чистка которых запрещена производителем",
Химчистка,Смокинг или Фрак,Костюмы,Химическая чистка вашей вещи устранит следы былой грязи,
Аквачистка,Смокинг или Фрак,Костюмы,"Рекомендуется использовать данный способ для вещей, химическая чистка которых запрещена производителем",
Химчистка,Жилет,Костюмы,Химическая чистка вашей вещи устранит следы былой грязи,
Аквачистка,Жилет,Костюмы,"Рекомендуется использовать данный способ для вещей, химическая чистка которых запрещена производителем",
Химчистка,Брюки,Брюки,Химическая чистка вашей вещи устранит следы былой грязи,
Аквачистка,Брюки,Брюки,"Рекомендуется использовать данный способ для вещей, химическая чистка которых запрещена производителем",
Химчистка,Джинсы,Брюки,Химическая чистка вашей вещи устранит следы былой грязи,
Аквачистка,Джинсы,Брюки,"Рекомендуется использовать данный способ для вещей, химическая чистка которых запрещена производителем",
Химчистка,Шорты,Брюки,Химическая чистка вашей вещи устранит следы былой грязи,
Аквачистка,Шорты,Брюки,"Рекомендуется использовать данный способ для вещей, химическая чистка которых запрещена производителем",
Химчистка,Бриджи,Брюки,Химическая чистка вашей вещи устранит следы былой грязи,
Аквачистка,Бриджи,Брюки,"Рекомендуется использовать данный способ для вещей, химическая чистка которых запрещена производителем",
Химчистка,Платье или Сарафан или Туника,Платья и юбки,Химическая чистка вашей вещи устранит следы былой грязи,
Аквачистка,Платье или Сарафан или Туника,Платья и юбки,"Рекомендуется использовать данный способ для вещей, химическая чистка которых запрещена производителем",
Химчистка,Платье свадебное,Платья и юбки,Химическая чистка вашей вещи устранит следы былой грязи,
Аквачистка,Платье свадебное,Платья и юбки,"Рекомендуется использовать данный способ для вещей, химическая чистка которых запрещена производителем",
Глажка,Платье свадебное,Платья и юбки,"Ваша вещь будет пропарена, отглажена и аккуратно упакована",
Аквачистка,Корсет,Платья и юбки,"Рекомендуется использовать данный способ для вещей, химическая чистка которых запрещена производителем",
Химчистка,Платье вечернее,Платья и юбки,Химическая чистка вашей вещи устранит следы былой грязи,
Аквачистка,Платье вечернее,Платья и юбки,"Мы рекомендуем использовать данный способ чистки для тех вещей, химическая чистка которых запрещена производителем",
Глажка,Платье вечернее,Платья и юбки,"Ваша вещь будет пропарена, отглажена и аккуратно упакована",
Химчистка,Юбка,Платья и юбки,Химическая чистка вашей вещи устранит следы былой грязи,
Аквачистка,Юбка,Платья и юбки,"Рекомендуется использовать данный способ для вещей, химическая чистка которых запрещена производителем",
Стирка,Рубашка или Сорочка,Рубашки и блузы,Автоматическая стирка с использованием профессиональных чистящих средств и бережная сушка,
Аквачистка,Рубашка или Сорочка,Рубашки и блузы,"Рекомендуется использовать данный способ для вещей, химическая чистка которых запрещена производителем",
Химчистка,Рубашка или Сорочка,Рубашки и блузы,Химическая чистка вашей вещи устранит следы былой грязи,
Глажка,Рубашка или Сорочка,Рубашки и блузы,"Ваша вещь будет пропарена, отглажена и аккуратно упакована",
Химчистка,Блузка,Рубашки и блузы,Химическая чистка вашей вещи устранит следы былой грязи,
Аквачистка,Блузка,Рубашки и блузы,"Рекомендуется использовать данный способ для вещей, химическая чистка которых запрещена производителем",
Химчистка,Водолазка,Текстиль и трикотаж,Химическая чистка вашей вещи устранит следы былой грязи,
Аквачистка,Водолазка,Текстиль и трикотаж,"Рекомендуется использовать данный способ для вещей, химическая чистка которых запрещена производителем",
Химчистка,Джемпер,Текстиль и трикотаж,Химическая чистка вашей вещи устранит следы былой грязи,
Аквачистка,Джемпер,Текстиль и трикотаж,"Рекомендуется использовать данный способ для вещей, химическая чистка которых запрещена производителем",
Химчистка,Пуловер,Текстиль и трикотаж,Химическая чистка вашей вещи устранит следы былой грязи,
Аквачистка,Пуловер,Текстиль и трикотаж,"Рекомендуется использовать данный способ для вещей, химическая чистка которых запрещена производителем",
Химчистка,Свитер,Текстиль и трикотаж,Химическая чистка вашей вещи устранит следы былой грязи,
Аквачистка,Свитер,Текстиль и трикотаж,"Рекомендуется использовать данный способ для вещей, химическая чистка которых запрещена производителем",
Химчистка,Жакет,Текстиль и трикотаж,Химическая чистка вашей вещи устранит следы былой грязи,
Аквачистка,Жакет,Текстиль и трикотаж,"Рекомендуется использовать данный способ для вещей, химическая чистка которых запрещена производителем",
Химчистка,Кардиган,Текстиль и трикотаж,Химическая чистка вашей вещи устранит следы былой грязи,
Аквачистка,Кардиган,Текстиль и трикотаж,"Рекомендуется использовать данный способ для вещей, химическая чистка которых запрещена производителем",
Химчистка,Трикотаж,Текстиль и трикотаж,Химическая чистка вашей вещи устранит следы былой грязи,
Аквачистка,Трикотаж,Текстиль и трикотаж,"Рекомендуется использовать данный способ для вещей, химическая чистка которых запрещена производителем",
Химчистка,Пончо,Текстиль и трикотаж,Химическая чистка вашей вещи устранит следы былой грязи,
Аквачистка,Пончо,Текстиль и трикотаж,"Рекомендуется использовать данный способ для вещей, химическая чистка которых запрещена производителем",
Химчистка,Футболка,Текстиль и трикотаж,Химическая чистка вашей вещи устранит следы былой грязи,
Аквачистка,Футболка,Текстиль и трикотаж,"Рекомендуется использовать данный способ для вещей, химическая чистка которых запрещена производителем",
Стирка,Футболка,Текстиль и трикотаж,Автоматическая стирка с использованием профессиональных чистящих средств ,
Химчистка,Футболка с длинным рукавом,Текстиль и трикотаж,Химическая чистка вашей вещи устранит следы былой грязи,
Аквачистка,Футболка с длинным рукавом,Текстиль и трикотаж,"Рекомендуется использовать данный способ для вещей, химическая чистка которых запрещена производителем",
Стирка,Футболка с длинным рукавом,Текстиль и трикотаж,Автоматическая стирка с использованием профессиональных чистящих средств ,
Химчистка,Майка без рукавов,Текстиль и трикотаж,Химическая чистка вашей вещи устранит следы былой грязи,
Аквачистка,Майка без рукавов,Текстиль и трикотаж,"Рекомендуется использовать данный способ для вещей, химическая чистка которых запрещена производителем",
Стирка,Майка без рукавов,Текстиль и трикотаж,Автоматическая стирка с использованием профессиональных чистящих средств ,
Химчистка,Халат,Домашняя одежда,Химическая чистка вашей вещи устранит следы былой грязи,
Аквачистка,Халат,Домашняя одежда,"Рекомендуется использовать данный способ для вещей, химическая чистка которых запрещена производителем",
Стирка,Халат,Домашняя одежда,Автоматическая стирка с использованием профессиональных чистящих средств ,
Химчистка,Нижнее белье,Домашняя одежда,Химическая чистка вашей вещи устранит следы былой грязи,
Аквачистка,Нижнее белье,Домашняя одежда,"Рекомендуется использовать данный способ для вещей, химическая чистка которых запрещена производителем",
Стирка,Нижнее белье,Домашняя одежда,Автоматическая стирка с использованием профессиональных чистящих средств ,
Химчистка,Ночная сорочка,Домашняя одежда,Химическая чистка вашей вещи устранит следы былой грязи,
Аквачистка,Ночная сорочка,Домашняя одежда,"Рекомендуется использовать данный способ для вещей, химическая чистка которых запрещена производителем",
Стирка,Ночная сорочка,Домашняя одежда,Автоматическая стирка с использованием профессиональных чистящих средств ,
Химчистка,Пижама,Домашняя одежда,Химическая чистка вашей вещи устранит следы былой грязи,
Аквачистка,Пижама,Домашняя одежда,"Рекомендуется использовать данный способ для вещей, химическая чистка которых запрещена производителем",
Стирка,Пижама,Домашняя одежда,Автоматическая стирка с использованием профессиональных чистящих средств ,
Химчистка,Фартук,Домашняя одежда,Химическая чистка вашей вещи устранит следы былой грязи,
Стирка,Фартук,Домашняя одежда,Автоматическая стирка с использованием профессиональных чистящих средств ,
Химчистка,Брюки,Спортивная одежда,Химическая чистка вашей вещи устранит следы былой грязи,
Аквачистка,Брюки,Спортивная одежда,"Рекомендуется использовать данный способ для вещей, химическая чистка которых запрещена производителем",
Химчистка,Лосины,Спортивная одежда,Химическая чистка вашей вещи устранит следы былой грязи,
Аквачистка,Лосины,Спортивная одежда,"Рекомендуется использовать данный способ для вещей, химическая чистка которых запрещена производителем",
Химчистка,Топ,Спортивная одежда,Химическая чистка вашей вещи устранит следы былой грязи,
Аквачистка,Топ,Спортивная одежда,"Рекомендуется использовать данный способ для вещей, химическая чистка которых запрещена производителем",
Химчистка,Толстовка,Спортивная одежда,Химическая чистка вашей вещи устранит следы былой грязи,
Аквачистка,Толстовка,Спортивная одежда,"Рекомендуется использовать данный способ для вещей, химическая чистка которых запрещена производителем",
Химчистка,Купальник,Спортивная одежда,Химическая чистка вашей вещи устранит следы былой грязи,
Аквачистка,Купальник,Спортивная одежда,"Рекомендуется использовать данный способ для вещей, химическая чистка которых запрещена производителем",
Химчистка,Тонкие или Тюль,Шторы,Химическая чистка устранит неприятные запахи и пыль,
Аквачистка,Тонкие или Тюль,Шторы,"Рекомендуется использовать данный способ для вещей, химическая чистка которых запрещена производителем",
Химчистка,Толстые или Портьеры,Шторы,Химическая чистка устранит неприятные запахи и пыль,
Аквачистка,Толстые или Портьеры,Шторы,"Рекомендуется использовать данный способ для вещей, химическая чистка которых запрещена производителем",
Химчистка,Двойные,Шторы,Химическая чистка устранит неприятные запахи и пыль,
Аквачистка,Двойные,Шторы,"Рекомендуется использовать данный способ для вещей, химическая чистка которых запрещена производителем",
Химчистка,Низковорсный,Ковры,Устранение пятен без повреждений структуры ворса,
Антимолевая обработка,Низковорсный,Ковры,Берегите свою вещь от разных вредителей с помощью специальных средств защиты,
Химчистка,Высоковорсный,Ковры,Устранение пятен без повреждений структуры ворса,
Антимолевая обработка,Высоковорсный,Ковры,Берегите свою вещь от разных вредителей с помощью специальных средств защиты,
Химчистка,Ручной работы или Шелковый,Ковры,Устранение пятен без повреждений структуры ворса,
Антимолевая обработка,Ручной работы или Шелковый,Ковры,Берегите свою вещь от разных вредителей с помощью специальных средств защиты,
Химчистка,Ковровая дорожка,Ковры,Устранение пятен без повреждений структуры ворса,
Антимолевая обработка,Ковровая дорожка,Ковры,Берегите свою вещь от разных вредителей с помощью специальных средств защиты,
Химчистка,Коврик для ванной,Ковры,Устранение пятен без повреждений структуры ворса,
Химчистка,Мягкая игрушка,Все для дома,Берегите свою вещь от разных вредителей с помощью специальных средств защиты,
Химчистка,Подушка,Все для дома,"Химическая чистка позволит избавиться от пыли, пятен и пылевого клеща",
Химчистка,Наволочка,Все для дома,Химическая чистка постельного белья позволяет справиться даже со сложными загрязнениями,
Аквачистка,Наволочка,Все для дома,"Рекомендуется использовать данный способ для вещей, химическая чистка которых запрещена производителем",
Стирка,Наволочка,Все для дома,Автоматическая стирка с использованием профессиональных чистящих средств ,
Химчистка,Простыня,Все для дома,Химическая чистка постельного белья позволяет справиться даже со сложными загрязнениями,
Аквачистка,Простыня,Все для дома,"Рекомендуется использовать данный способ для вещей, химическая чистка которых запрещена производителем",
Стирка,Простыня,Все для дома,Автоматическая стирка с использованием профессиональных чистящих средств ,
Химчистка,Пододеяльник,Все для дома,Химическая чистка постельного белья позволяет справиться даже со сложными загрязнениями,
Аквачистка,Пододеяльник,Все для дома,"Рекомендуется использовать данный способ для вещей, химическая чистка которых запрещена производителем",
Стирка,Пододеяльник,Все для дома,Автоматическая стирка с использованием профессиональных чистящих средств ,
Химчистка,Одеяло,Все для дома,"Химическая чистка позволит избавиться от пыли, пятен и пылевого клеща",
Химчистка,Покрывало или Плед,Все для дома,Химическая чистка позволяет справиться с загрязнениями ткани различной степени сложности,
Аквачистка,Покрывало или Плед,Все для дома,Автоматическая стирка с использованием профессиональных чистящих средств ,
Химчистка,Скатерть,Все для дома,Химическая чистка позволяет справиться с загрязнениями ткани различной степени сложности,
Аквачистка,Скатерть,Все для дома,"Рекомендуется использовать данный способ для вещей, химическая чистка которых запрещена производителем",
Стирка,Скатерть,Все для дома,Автоматическая стирка с использованием профессиональных чистящих средств ,
Химчистка,Полотенце для рук / лица,Все для дома,Химическая чистка позволяет справиться с загрязнениями ткани различной степени сложности,
Аквачистка,Полотенце для рук / лица,Все для дома,"Рекомендуется использовать данный способ для вещей, химическая чистка которых запрещена производителем",
Стирка,Полотенце для рук / лица,Все для дома,Автоматическая стирка с использованием профессиональных чистящих средств ,
Комплексная чистка,Бизнес,Специальные предложения,Ваши рубашки заберут из дома или офиса и привезут обратно чистыми и выглаженными,
Комплексная чистка,Солидный,Специальные предложения,Ваши костюмы заберут из дома или офиса и привезут обратно чистыми и выглаженными,
Комплексная чистка,Хочется тепла,Специальные предложения,"Чистка вещей в соответствии с рекомендациями по уходу, указанными производителем изделия",
Комплексная чистка,Для леди,Специальные предложения,"Чистка вещей в соответствии с рекомендациями по уходу, указанными производителем изделия",
Комплексная чистка,Для двоих,Специальные предложения,"Чистка вещей в соответствии с рекомендациями по уходу, указанными производителем изделия",
Комплексная чистка,Сплю один,Специальные предложения,"Чистка вещей в соответствии с рекомендациями по уходу, указанными производителем изделия",
Комплексная чистка,Королевская постель,Специальные предложения,"Чистка вещей в соответствии с рекомендациями по уходу, указанными производителем изделия",
Комплексная чистка,До блеска,Специальные предложения,"Чистка вещей в соответствии с рекомендациями по уходу, указанными производителем изделия",
Комплексная чистка,Генеральная уборка,Специальные предложения,"Чистка вещей в соответствии с рекомендациями по уходу, указанными производителем изделия",
Комплексная чистка,Генеральная уборка MAXI,Специальные предложения,"Чистка вещей в соответствии с рекомендациями по уходу, указанными производителем изделия",
Комплексная чистка,Молодежный,Специальные предложения,"Чистка вещей в соответствии с рекомендациями по уходу, указанными производителем изделия",
Комплексная чистка,Молодежный с обувью,Специальные предложения,"Чистка вещей в соответствии с рекомендациями по уходу, указанными производителем изделия",